"","Area","Code","Year","Stock"
"1","WORLD","900",1990,153011473
"2","WORLD","900",1995,161316895
"3","WORLD","900",2000,173588441
"4","WORLD","900",2005,191615574
"5","WORLD","900",2010,220781909
"6","WORLD","900",2015,248861296
"7","WORLD","900",2019,271642105
"8","More developed regions","901",1990,82767216
"9","More developed regions","901",1995,92935095
"10","More developed regions","901",2000,103961989
"11","More developed regions","901",2005,116687616
"12","More developed regions","901",2010,130613460
"13","More developed regions","901",2015,140643317
"14","More developed regions","901",2019,152069261
"15","Less developed regions","902",1990,70244257
"16","Less developed regions","902",1995,68381800
"17","Less developed regions","902",2000,69626452
"18","Less developed regions","902",2005,74927958
"19","Less developed regions","902",2010,90168449
"20","Less developed regions","902",2015,108217979
"21","Less developed regions","902",2019,119572844
"22","Least developed countries","941",1990,11060221
"23","Least developed countries","941",1995,11681777
"24","Least developed countries","941",2000,10063948
"25","Least developed countries","941",2005,9833150
"26","Least developed countries","941",2010,10432671
"27","Least developed countries","941",2015,13631349
"28","Least developed countries","941",2019,16289023
"29","Less developed regions, excluding least developed countries","934",1990,59184036
"30","Less developed regions, excluding least developed countries","934",1995,56700023
"31","Less developed regions, excluding least developed countries","934",2000,59562504
"32","Less developed regions, excluding least developed countries","934",2005,65094808
"33","Less developed regions, excluding least developed countries","934",2010,79735778
"34","Less developed regions, excluding least developed countries","934",2015,94586630
"35","Less developed regions, excluding least developed countries","934",2019,103283821
"36","High-income countries","1503",1990,77802868
"37","High-income countries","1503",1995,89346612
"38","High-income countries","1503",2000,103029727
"39","High-income countries","1503",2005,120543730
"40","High-income countries","1503",2010,144282576
"41","High-income countries","1503",2015,160366582
"42","High-income countries","1503",2019,175811829
"43","Middle-income countries","1517",1990,65124366
"44","Middle-income countries","1517",1995,61040029
"45","Middle-income countries","1517",2000,61158978
"46","Middle-income countries","1517",2005,61623367
"47","Middle-income countries","1517",2010,65980003
"48","Middle-income countries","1517",2015,76123099
"49","Middle-income countries","1517",2019,82237681
"50","Upper-middle-income countries","1502",1990,33285549
"51","Upper-middle-income countries","1502",1995,33494586
"52","Upper-middle-income countries","1502",2000,34642477
"53","Upper-middle-income countries","1502",2005,36657488
"54","Upper-middle-income countries","1502",2010,40238761
"55","Upper-middle-income countries","1502",2015,49653277
"56","Upper-middle-income countries","1502",2019,54279436
"57","Lower-middle-income countries","1501",1990,31838817
"58","Lower-middle-income countries","1501",1995,27545443
"59","Lower-middle-income countries","1501",2000,26516501
"60","Lower-middle-income countries","1501",2005,24965879
"61","Lower-middle-income countries","1501",2010,25741242
"62","Lower-middle-income countries","1501",2015,26469822
"63","Lower-middle-income countries","1501",2019,27958245
"64","Low-income countries","1500",1990,9790238
"65","Low-income countries","1500",1995,10577086
"66","Low-income countries","1500",2000,8975609
"67","Low-income countries","1500",2005,8969212
"68","Low-income countries","1500",2010,10040501
"69","Low-income countries","1500",2015,11869725
"70","Low-income countries","1500",2019,13072099
"71","No income group available","1518",1990,294001
"72","No income group available","1518",1995,353168
"73","No income group available","1518",2000,424127
"74","No income group available","1518",2005,479265
"75","No income group available","1518",2010,478829
"76","No income group available","1518",2015,501890
"77","No income group available","1518",2019,520496
"78","Africa","903",1990,15689666
"79","Africa","903",1995,16357077
"80","Africa","903",2000,15051677
"81","Africa","903",2005,15969835
"82","Africa","903",2010,17804198
"83","Africa","903",2015,23476251
"84","Africa","903",2019,26529334
"85","Asia","935",1990,48209949
"86","Asia","935",1995,46418044
"87","Asia","935",2000,49394322
"88","Asia","935",2005,53439306
"89","Asia","935",2010,65938712
"90","Asia","935",2015,77231760
"91","Asia","935",2019,83559197
"92","Europe","908",1990,49608231
"93","Europe","908",1995,53489829
"94","Europe","908",2000,56858788
"95","Europe","908",2005,63594822
"96","Europe","908",2010,70678025
"97","Europe","908",2015,75008219
"98","Europe","908",2019,82304539
"99","Latin America and the Caribbean","904",1990,7161371
"100","Latin America and the Caribbean","904",1995,6688710
"101","Latin America and the Caribbean","904",2000,6570729
"102","Latin America and the Caribbean","904",2005,7224942
"103","Latin America and the Caribbean","904",2010,8262433
"104","Latin America and the Caribbean","904",2015,9441679
"105","Latin America and the Caribbean","904",2019,11673288
"106","Northern America","905",1990,27610408
"107","Northern America","905",1995,33340948
"108","Northern America","905",2000,40351694
"109","Northern America","905",2005,45363257
"110","Northern America","905",2010,50970861
"111","Northern America","905",2015,55633443
"112","Northern America","905",2019,58647822
"113","Oceania","909",1990,4731848
"114","Oceania","909",1995,5022287
"115","Oceania","909",2000,5361231
"116","Oceania","909",2005,6023412
"117","Oceania","909",2010,7127680
"118","Oceania","909",2015,8069944
"119","Oceania","909",2019,8927925
"120","SUB-SAHARAN AFRICA","947",1990,13286341
"121","SUB-SAHARAN AFRICA","947",1995,14275437
"122","SUB-SAHARAN AFRICA","947",2000,13151229
"123","SUB-SAHARAN AFRICA","947",2005,14222466
"124","SUB-SAHARAN AFRICA","947",2010,15855936
"125","SUB-SAHARAN AFRICA","947",2015,21337333
"126","SUB-SAHARAN AFRICA","947",2019,23573485
"127","Eastern Africa","910",1990,5959183
"128","Eastern Africa","910",1995,4977644
"129","Eastern Africa","910",2000,4847119
"130","Eastern Africa","910",2005,4762817
"131","Eastern Africa","910",2010,4757899
"132","Eastern Africa","910",2015,6716524
"133","Eastern Africa","910",2019,7908176
"134","Burundi","108",1990,333110
"135","Burundi","108",1995,254853
"136","Burundi","108",2000,125628
"137","Burundi","108",2005,172874
"138","Burundi","108",2010,235259
"139","Burundi","108",2015,289810
"140","Burundi","108",2019,321018
"141","Comoros","174",1990,14079
"142","Comoros","174",1995,13939
"143","Comoros","174",2000,13799
"144","Comoros","174",2005,13209
"145","Comoros","174",2010,12618
"146","Comoros","174",2015,12555
"147","Comoros","174",2019,12504
"148","Djibouti","262",1990,122221
"149","Djibouti","262",1995,99774
"150","Djibouti","262",2000,100507
"151","Djibouti","262",2005,92091
"152","Djibouti","262",2010,101575
"153","Djibouti","262",2015,112351
"154","Djibouti","262",2019,115341
"155","Eritrea","232",1990,11848
"156","Eritrea","232",1995,12400
"157","Eritrea","232",2000,12952
"158","Eritrea","232",2005,14314
"159","Eritrea","232",2010,15676
"160","Eritrea","232",2015,15941
"161","Eritrea","232",2019,16101
"162","Ethiopia","231",1990,1155390
"163","Ethiopia","231",1995,806904
"164","Ethiopia","231",2000,611384
"165","Ethiopia","231",2005,514242
"166","Ethiopia","231",2010,568748
"167","Ethiopia","231",2015,1161642
"168","Ethiopia","231",2019,1253083
"169","Kenya","404",1990,298089
"170","Kenya","404",1995,618745
"171","Kenya","404",2000,707852
"172","Kenya","404",2005,773354
"173","Kenya","404",2010,954925
"174","Kenya","404",2015,1126886
"175","Kenya","404",2019,1044854
"176","Madagascar","450",1990,23917
"177","Madagascar","450",1995,21177
"178","Madagascar","450",2000,23541
"179","Madagascar","450",2005,26058
"180","Madagascar","450",2010,28905
"181","Madagascar","450",2015,32075
"182","Madagascar","450",2019,34934
"183","Malawi","454",1990,1127724
"184","Malawi","454",1995,241624
"185","Malawi","454",2000,232620
"186","Malawi","454",2005,221661
"187","Malawi","454",2010,217722
"188","Malawi","454",2015,232803
"189","Malawi","454",2019,247652
"190","Mauritius","480",1990,3613
"191","Mauritius","480",1995,7493
"192","Mauritius","480",2000,15543
"193","Mauritius","480",2005,19647
"194","Mauritius","480",2010,24836
"195","Mauritius","480",2015,28585
"196","Mauritius","480",2019,28849
"197","Mayotte","175",1990,15229
"198","Mayotte","175",1995,26316
"199","Mayotte","175",2000,45474
"200","Mayotte","175",2005,63176
"201","Mayotte","175",2010,72757
"202","Mayotte","175",2015,73992
"203","Mayotte","175",2019,74643
"204","Mozambique","508",1990,122332
"205","Mozambique","508",1995,168256
"206","Mozambique","508",2000,195702
"207","Mozambique","508",2005,264679
"208","Mozambique","508",2010,306471
"209","Mozambique","508",2015,321794
"210","Mozambique","508",2019,334665
"211","Réunion","638",1990,57210
"212","Réunion","638",1995,77159
"213","Réunion","638",2000,100678
"214","Réunion","638",2005,115076
"215","Réunion","638",2010,123029
"216","Réunion","638",2015,127209
"217","Réunion","638",2019,129153
"218","Rwanda","646",1990,160024
"219","Rwanda","646",1995,215735
"220","Rwanda","646",2000,347076
"221","Rwanda","646",2005,423187
"222","Rwanda","646",2010,426901
"223","Rwanda","646",2015,514647
"224","Rwanda","646",2019,539932
"225","Seychelles","690",1990,3721
"226","Seychelles","690",1995,5148
"227","Seychelles","690",2000,6574
"228","Seychelles","690",2005,8997
"229","Seychelles","690",2010,11420
"230","Seychelles","690",2015,12791
"231","Seychelles","690",2019,12926
"232","Somalia","706",1990,478294
"233","Somalia","706",1995,19527
"234","Somalia","706",2000,20097
"235","Somalia","706",2005,20670
"236","Somalia","706",2010,48106
"237","Somalia","706",2015,40990
"238","Somalia","706",2019,52131
"239","South Sudan","728",2010,257905
"240","South Sudan","728",2015,844122
"241","South Sudan","728",2019,865552
"242","Uganda","800",1990,544273
"243","Uganda","800",1995,606987
"244","Uganda","800",2000,584280
"245","Uganda","800",2005,593308
"246","Uganda","800",2010,492930
"247","Uganda","800",2015,851175
"248","Uganda","800",2019,1734166
"249","United Republic of Tanzania","834",1990,574025
"250","United Republic of Tanzania","834",1995,1106043
"251","United Republic of Tanzania","834",2000,949600
"252","United Republic of Tanzania","834",2005,771153
"253","United Republic of Tanzania","834",2010,309847
"254","United Republic of Tanzania","834",2015,384567
"255","United Republic of Tanzania","834",2019,509166
"256","Zambia","894",1990,279463
"257","Zambia","894",1995,244338
"258","Zambia","894",2000,343703
"259","Zambia","894",2005,252895
"260","Zambia","894",2010,149962
"261","Zambia","894",2015,132107
"262","Zambia","894",2019,170249
"263","Zimbabwe","716",1990,634621
"264","Zimbabwe","716",1995,431226
"265","Zimbabwe","716",2000,410109
"266","Zimbabwe","716",2005,402226
"267","Zimbabwe","716",2010,398307
"268","Zimbabwe","716",2015,400482
"269","Zimbabwe","716",2019,411257
"270","Middle Africa","911",1990,1461155
"271","Middle Africa","911",1995,2662490
"272","Middle Africa","911",2000,1775284
"273","Middle Africa","911",2005,1958781
"274","Middle Africa","911",2010,2430300
"275","Middle Africa","911",2015,3494415
"276","Middle Africa","911",2019,3785279
"277","Angola","24",1990,33517
"278","Angola","24",1995,39813
"279","Angola","24",2000,46108
"280","Angola","24",2005,61329
"281","Angola","24",2010,332126
"282","Angola","24",2015,632178
"283","Angola","24",2019,669479
"284","Cameroon","120",1990,265967
"285","Cameroon","120",1995,244791
"286","Cameroon","120",2000,227242
"287","Cameroon","120",2005,265503
"288","Cameroon","120",2010,291474
"289","Cameroon","120",2015,508346
"290","Cameroon","120",2019,505692
"291","Central African Republic","140",1990,67234
"292","Central African Republic","140",1995,99712
"293","Central African Republic","140",2000,123529
"294","Central African Republic","140",2005,94449
"295","Central African Republic","140",2010,93466
"296","Central African Republic","140",2015,81598
"297","Central African Republic","140",2019,90649
"298","Chad","148",1990,74342
"299","Chad","148",1995,89584
"300","Chad","148",2000,104825
"301","Chad","148",2005,352062
"302","Chad","148",2010,416924
"303","Chad","148",2015,466968
"304","Chad","148",2019,512230
"305","Congo","178",1990,129391
"306","Congo","178",1995,191635
"307","Congo","178",2000,305880
"308","Congo","178",2005,318724
"309","Congo","178",2010,425173
"310","Congo","178",2015,390142
"311","Congo","178",2019,402142
"312","Democratic Republic of the Congo","180",1990,754194
"313","Democratic Republic of the Congo","180",1995,1816963
"314","Democratic Republic of the Congo","180",2000,744387
"315","Democratic Republic of the Congo","180",2005,622869
"316","Democratic Republic of the Congo","180",2010,588950
"317","Democratic Republic of the Congo","180",2015,824492
"318","Democratic Republic of the Congo","180",2019,963833
"319","Equatorial Guinea","226",1990,2740
"320","Equatorial Guinea","226",1995,3629
"321","Equatorial Guinea","226",2000,4517
"322","Equatorial Guinea","226",2005,6588
"323","Equatorial Guinea","226",2010,8658
"324","Equatorial Guinea","226",2015,209611
"325","Equatorial Guinea","226",2019,227617
"326","Gabon","266",1990,128188
"327","Gabon","266",1995,171427
"328","Gabon","266",2000,214431
"329","Gabon","266",2005,233824
"330","Gabon","266",2010,270829
"331","Gabon","266",2015,378686
"332","Gabon","266",2019,411463
"333","Sao Tome and Principe","678",1990,5582
"334","Sao Tome and Principe","678",1995,4936
"335","Sao Tome and Principe","678",2000,4365
"336","Sao Tome and Principe","678",2005,3433
"337","Sao Tome and Principe","678",2010,2700
"338","Sao Tome and Principe","678",2015,2394
"339","Sao Tome and Principe","678",2019,2174
"340","Southern Africa","913",1990,1395265
"341","Southern Africa","913",1995,1201708
"342","Southern Africa","913",2000,1267695
"343","Southern Africa","913",2005,1582674
"344","Southern Africa","913",2010,2352292
"345","Southern Africa","913",2015,4060505
"346","Southern Africa","913",2019,4481651
"347","Botswana","72",1990,27510
"348","Botswana","72",1995,40168
"349","Botswana","72",2000,74934
"350","Botswana","72",2005,84614
"351","Botswana","72",2010,94614
"352","Botswana","72",2015,103268
"353","Botswana","72",2019,110596
"354","Eswatini","748",1990,74991
"355","Eswatini","748",1995,35157
"356","Eswatini","748",2000,34084
"357","Eswatini","748",2005,33392
"358","Eswatini","748",2010,32637
"359","Eswatini","748",2015,32352
"360","Eswatini","748",2019,32310
"361","Lesotho","426",1990,8240
"362","Lesotho","426",1995,7204
"363","Lesotho","426",2000,6167
"364","Lesotho","426",2005,6290
"365","Lesotho","426",2010,6414
"366","Lesotho","426",2015,6572
"367","Lesotho","426",2019,6928
"368","Namibia","516",1990,120641
"369","Namibia","516",1995,115372
"370","Namibia","516",2000,135547
"371","Namibia","516",2005,107347
"372","Namibia","516",2010,103826
"373","Namibia","516",2015,101618
"374","Namibia","516",2019,107561
"375","South Africa","710",1990,1163883
"376","South Africa","710",1995,1003807
"377","South Africa","710",2000,1016963
"378","South Africa","710",2005,1351031
"379","South Africa","710",2010,2114801
"380","South Africa","710",2015,3816695
"381","South Africa","710",2019,4224256
"382","Western Africa","914",1990,4470738
"383","Western Africa","914",1995,5433595
"384","Western Africa","914",2000,5261131
"385","Western Africa","914",2005,5918194
"386","Western Africa","914",2010,6315445
"387","Western Africa","914",2015,7065889
"388","Western Africa","914",2019,7398379
"389","Benin","204",1990,76751
"390","Benin","204",1995,105703
"391","Benin","204",2000,134655
"392","Benin","204",2005,221889
"393","Benin","204",2010,309124
"394","Benin","204",2015,366284
"395","Benin","204",2019,390112
"396","Burkina Faso","854",1990,349652
"397","Burkina Faso","854",1995,464104
"398","Burkina Faso","854",2000,520363
"399","Burkina Faso","854",2005,597658
"400","Burkina Faso","854",2010,674438
"401","Burkina Faso","854",2015,704676
"402","Burkina Faso","854",2019,718338
"403","Cabo Verde","132",1990,8931
"404","Cabo Verde","132",1995,9979
"405","Cabo Verde","132",2000,11027
"406","Cabo Verde","132",2005,12700
"407","Cabo Verde","132",2010,14373
"408","Cabo Verde","132",2015,14924
"409","Cabo Verde","132",2019,15664
"410","Côte d'Ivoire","384",1990,1816426
"411","Côte d'Ivoire","384",1995,2076394
"412","Côte d'Ivoire","384",2000,2163644
"413","Côte d'Ivoire","384",2005,2265090
"414","Côte d'Ivoire","384",2010,2366537
"415","Côte d'Ivoire","384",2015,2467984
"416","Côte d'Ivoire","384",2019,2549141
"417","Gambia","270",1990,118123
"418","Gambia","270",1995,150890
"419","Gambia","270",2000,182514
"420","Gambia","270",2005,181905
"421","Gambia","270",2010,185763
"422","Gambia","270",2015,192540
"423","Gambia","270",2019,215406
"424","Ghana","288",1990,164851
"425","Ghana","288",1995,252879
"426","Ghana","288",2000,191601
"427","Ghana","288",2005,304436
"428","Ghana","288",2010,337017
"429","Ghana","288",2015,414744
"430","Ghana","288",2019,466780
"431","Guinea","324",1990,403621
"432","Guinea","324",1995,774505
"433","Guinea","324",2000,560075
"434","Guinea","324",2005,229611
"435","Guinea","324",2010,177998
"436","Guinea","324",2015,126386
"437","Guinea","324",2019,120642
"438","Guinea-Bissau","624",1990,15368
"439","Guinea-Bissau","624",1995,27961
"440","Guinea-Bissau","624",2000,20450
"441","Guinea-Bissau","624",2005,20736
"442","Guinea-Bissau","624",2010,21061
"443","Guinea-Bissau","624",2015,22333
"444","Guinea-Bissau","624",2019,26916
"445","Liberia","430",1990,94964
"446","Liberia","430",1995,208563
"447","Liberia","430",2000,151868
"448","Liberia","430",2005,87188
"449","Liberia","430",2010,99129
"450","Liberia","430",2015,113779
"451","Liberia","430",2019,94448
"452","Mali","466",1990,160736
"453","Mali","466",1995,176187
"454","Mali","466",2000,189475
"455","Mali","466",2005,256797
"456","Mali","466",2010,339375
"457","Mali","466",2015,420504
"458","Mali","466",2019,468230
"459","Mauritania","478",1990,111650
"460","Mauritania","478",1995,89562
"461","Mauritania","478",2000,57366
"462","Mauritania","478",2005,58119
"463","Mauritania","478",2010,84679
"464","Mauritania","478",2015,166552
"465","Mauritania","478",2019,172987
"466","Niger","562",1990,115464
"467","Niger","562",1995,145999
"468","Niger","562",2000,122260
"469","Niger","562",2005,124461
"470","Niger","562",2010,126464
"471","Niger","562",2015,252998
"472","Niger","562",2019,294161
"473","Nigeria","566",1990,456621
"474","Nigeria","566",1995,462999
"475","Nigeria","566",2000,487882
"476","Nigeria","566",2005,969294
"477","Nigeria","566",2010,988679
"478","Nigeria","566",2015,1199115
"479","Nigeria","566",2019,1256408
"480","Saint Helena","654",1990,178
"481","Saint Helena","654",1995,117
"482","Saint Helena","654",2000,108
"483","Saint Helena","654",2005,163
"484","Saint Helena","654",2010,248
"485","Saint Helena","654",2015,377
"486","Saint Helena","654",2019,433
"487","Senegal","686",1990,270410
"488","Senegal","686",1995,287654
"489","Senegal","686",2000,231901
"490","Senegal","686",2005,238298
"491","Senegal","686",2010,256092
"492","Senegal","686",2015,266496
"493","Senegal","686",2019,275239
"494","Sierra Leone","694",1990,222148
"495","Sierra Leone","694",1995,98516
"496","Sierra Leone","694",2000,97974
"497","Sierra Leone","694",2005,146050
"498","Sierra Leone","694",2010,79055
"499","Sierra Leone","694",2015,58813
"500","Sierra Leone","694",2019,54332
"501","Togo","768",1990,84844
"502","Togo","768",1995,101583
"503","Togo","768",2000,137968
"504","Togo","768",2005,203799
"505","Togo","768",2010,255413
"506","Togo","768",2015,277384
"507","Togo","768",2019,279142
"508","NORTHERN AFRICA AND WESTERN ASIA","1833",1990,17608769
"509","NORTHERN AFRICA AND WESTERN ASIA","1833",1995,18912064
"510","NORTHERN AFRICA AND WESTERN ASIA","1833",2000,20321397
"511","NORTHERN AFRICA AND WESTERN ASIA","1833",2005,23281297
"512","NORTHERN AFRICA AND WESTERN ASIA","1833",2010,32562553
"513","NORTHERN AFRICA AND WESTERN ASIA","1833",2015,42052792
"514","NORTHERN AFRICA AND WESTERN ASIA","1833",2019,48591390
"515","Northern Africa","912",1990,2403325
"516","Northern Africa","912",1995,2081640
"517","Northern Africa","912",2000,1900448
"518","Northern Africa","912",2005,1747369
"519","Northern Africa","912",2010,1948262
"520","Northern Africa","912",2015,2138918
"521","Northern Africa","912",2019,2955849
"522","Algeria","12",1990,273954
"523","Algeria","12",1995,262032
"524","Algeria","12",2000,250110
"525","Algeria","12",2005,197422
"526","Algeria","12",2010,216964
"527","Algeria","12",2015,239473
"528","Algeria","12",2019,249075
"529","Egypt","818",1990,173833
"530","Egypt","818",1995,166955
"531","Egypt","818",2000,184774
"532","Egypt","818",2005,285006
"533","Egypt","818",2010,310017
"534","Egypt","818",2015,353641
"535","Egypt","818",2019,504053
"536","Libya","434",1990,457075
"537","Libya","434",1995,508041
"538","Libya","434",2000,567436
"539","Libya","434",2005,625212
"540","Libya","434",2010,683998
"541","Libya","434",2015,771146
"542","Libya","434",2019,818216
"543","Morocco","504",1990,54895
"544","Morocco","504",1995,50360
"545","Morocco","504",2000,53034
"546","Morocco","504",2005,54379
"547","Morocco","504",2010,70909
"548","Morocco","504",2015,92424
"549","Morocco","504",2019,98574
"550","Sudan","729",1990,1402896
"551","Sudan","729",1995,1053396
"552","Sudan","729",2000,805086
"553","Sudan","729",2005,546419
"554","Sudan","729",2010,618709
"555","Sudan","729",2015,620523
"556","Sudan","729",2019,1223092
"557","Tunisia","788",1990,37984
"558","Tunisia","788",1995,37867
"559","Tunisia","788",2000,36719
"560","Tunisia","788",2005,35040
"561","Tunisia","788",2010,43172
"562","Tunisia","788",2015,56532
"563","Tunisia","788",2019,57455
"564","Western Sahara","732",1990,2688
"565","Western Sahara","732",1995,2989
"566","Western Sahara","732",2000,3289
"567","Western Sahara","732",2005,3891
"568","Western Sahara","732",2010,4493
"569","Western Sahara","732",2015,5179
"570","Western Sahara","732",2019,5384
"571","Western Asia","922",1990,15205444
"572","Western Asia","922",1995,16830424
"573","Western Asia","922",2000,18420949
"574","Western Asia","922",2005,21533928
"575","Western Asia","922",2010,30614291
"576","Western Asia","922",2015,39913874
"577","Western Asia","922",2019,45635541
"578","Armenia","51",1990,658789
"579","Armenia","51",1995,693999
"580","Armenia","51",2000,657900
"581","Armenia","51",2005,469119
"582","Armenia","51",2010,211147
"583","Armenia","51",2015,191199
"584","Armenia","51",2019,190159
"585","Azerbaijan","31",1990,360600
"586","Azerbaijan","31",1995,344070
"587","Azerbaijan","31",2000,327540
"588","Azerbaijan","31",2005,302220
"589","Azerbaijan","31",2010,276901
"590","Azerbaijan","31",2015,264241
"591","Azerbaijan","31",2019,253887
"592","Bahrain","48",1990,173212
"593","Bahrain","48",1995,205979
"594","Bahrain","48",2000,239361
"595","Bahrain","48",2005,404018
"596","Bahrain","48",2010,657856
"597","Bahrain","48",2015,704137
"598","Bahrain","48",2019,741161
"599","Cyprus","196",1990,43805
"600","Cyprus","196",1995,61941
"601","Cyprus","196",2000,80076
"602","Cyprus","196",2005,117165
"603","Cyprus","196",2010,191866
"604","Cyprus","196",2015,192020
"605","Cyprus","196",2019,191922
"606","Georgia","268",1990,304470
"607","Georgia","268",1995,152235
"608","Georgia","268",2000,76117
"609","Georgia","268",2005,72311
"610","Georgia","268",2010,73034
"611","Georgia","268",2015,76685
"612","Georgia","268",2019,79035
"613","Iraq","368",1990,83638
"614","Iraq","368",1995,199460
"615","Iraq","368",2000,210525
"616","Iraq","368",2005,132915
"617","Iraq","368",2010,117389
"618","Iraq","368",2015,359381
"619","Iraq","368",2019,368062
"620","Israel","376",1990,1632704
"621","Israel","376",1995,1792185
"622","Israel","376",2000,1851309
"623","Israel","376",2005,1889503
"624","Israel","376",2010,1950615
"625","Israel","376",2015,2011727
"626","Israel","376",2019,1956346
"627","Jordan","400",1990,1146349
"628","Jordan","400",1995,1537097
"629","Jordan","400",2000,1927845
"630","Jordan","400",2005,2325414
"631","Jordan","400",2010,2722983
"632","Jordan","400",2015,3112026
"633","Jordan","400",2019,3346703
"634","Kuwait","414",1990,1074391
"635","Kuwait","414",1995,921954
"636","Kuwait","414",2000,1127640
"637","Kuwait","414",2005,1333327
"638","Kuwait","414",2010,1871537
"639","Kuwait","414",2015,2866136
"640","Kuwait","414",2019,3034845
"641","Lebanon","422",1990,523693
"642","Lebanon","422",1995,608303
"643","Lebanon","422",2000,692913
"644","Lebanon","422",2005,756784
"645","Lebanon","422",2010,820655
"646","Lebanon","422",2015,1973204
"647","Lebanon","422",2019,1863873
"648","Oman","512",1990,304000
"649","Oman","512",1995,539643
"650","Oman","512",2000,623608
"651","Oman","512",2005,666160
"652","Oman","512",2010,816221
"653","Oman","512",2015,1856226
"654","Oman","512",2019,2286226
"655","Qatar","634",1990,309753
"656","Qatar","634",1995,361673
"657","Qatar","634",2000,359697
"658","Qatar","634",2005,646026
"659","Qatar","634",2010,1456413
"660","Qatar","634",2015,1687640
"661","Qatar","634",2019,2229688
"662","Saudi Arabia","682",1990,4998445
"663","Saudi Arabia","682",1995,5122702
"664","Saudi Arabia","682",2000,5263387
"665","Saudi Arabia","682",2005,6501819
"666","Saudi Arabia","682",2010,8429956
"667","Saudi Arabia","682",2015,10771366
"668","Saudi Arabia","682",2019,13122338
"669","State of Palestine","275",1990,288332
"670","State of Palestine","275",1995,281767
"671","State of Palestine","275",2000,275202
"672","State of Palestine","275",2005,266617
"673","State of Palestine","275",2010,258032
"674","State of Palestine","275",2015,255507
"675","State of Palestine","275",2019,253735
"676","Syrian Arab Republic","760",1990,714140
"677","Syrian Arab Republic","760",1995,830610
"678","Syrian Arab Republic","760",2000,834916
"679","Syrian Arab Republic","760",2005,878308
"680","Syrian Arab Republic","760",2010,1787561
"681","Syrian Arab Republic","760",2015,871174
"682","Syrian Arab Republic","760",2019,867848
"683","Turkey","792",1990,1163686
"684","Turkey","792",1995,1216173
"685","Turkey","792",2000,1280963
"686","Turkey","792",2005,1319236
"687","Turkey","792",2010,1367034
"688","Turkey","792",2015,4346197
"689","Turkey","792",2019,5876829
"690","United Arab Emirates","784",1990,1306574
"691","United Arab Emirates","784",1995,1824118
"692","United Arab Emirates","784",2000,2447010
"693","United Arab Emirates","784",2005,3281115
"694","United Arab Emirates","784",2010,7316697
"695","United Arab Emirates","784",2015,7995126
"696","United Arab Emirates","784",2019,8587256
"697","Yemen","887",1990,118863
"698","Yemen","887",1995,136515
"699","Yemen","887",2000,144940
"700","Yemen","887",2005,171871
"701","Yemen","887",2010,288394
"702","Yemen","887",2015,379882
"703","Yemen","887",2019,385628
"704","CENTRAL AND SOUTHERN ASIA","921",1990,26168623
"705","CENTRAL AND SOUTHERN ASIA","921",1995,21247814
"706","CENTRAL AND SOUTHERN ASIA","921",2000,20467161
"707","CENTRAL AND SOUTHERN ASIA","921",2005,18958191
"708","CENTRAL AND SOUTHERN ASIA","921",2010,19576330
"709","CENTRAL AND SOUTHERN ASIA","921",2015,19443802
"710","CENTRAL AND SOUTHERN ASIA","921",2019,19627025
"711","Central Asia","5500",1990,6630683
"712","Central Asia","5500",1995,5904795
"713","Central Asia","5500",2000,5189082
"714","Central Asia","5500",2005,5235877
"715","Central Asia","5500",2010,5264938
"716","Central Asia","5500",2015,5392792
"717","Central Asia","5500",2019,5543398
"718","Kazakhstan","398",1990,3619200
"719","Kazakhstan","398",1995,3251968
"720","Kazakhstan","398",2000,2874194
"721","Kazakhstan","398",2005,3103027
"722","Kazakhstan","398",2010,3334937
"723","Kazakhstan","398",2015,3546060
"724","Kazakhstan","398",2019,3705556
"725","Kyrgyzstan","417",1990,623083
"726","Kyrgyzstan","417",1995,518338
"727","Kyrgyzstan","417",2000,389824
"728","Kyrgyzstan","417",2005,309399
"729","Kyrgyzstan","417",2010,232065
"730","Kyrgyzstan","417",2015,204382
"731","Kyrgyzstan","417",2019,200260
"732","Tajikistan","762",1990,428900
"733","Tajikistan","762",1995,348347
"734","Tajikistan","762",2000,299499
"735","Tajikistan","762",2005,280466
"736","Tajikistan","762",2010,279808
"737","Tajikistan","762",2015,275101
"738","Tajikistan","762",2019,274071
"739","Turkmenistan","795",1990,306500
"740","Turkmenistan","795",1995,273565
"741","Turkmenistan","795",2000,219067
"742","Turkmenistan","795",2005,213053
"743","Turkmenistan","795",2010,197979
"744","Turkmenistan","795",2015,196376
"745","Turkmenistan","795",2019,195127
"746","Uzbekistan","860",1990,1653000
"747","Uzbekistan","860",1995,1512577
"748","Uzbekistan","860",2000,1406498
"749","Uzbekistan","860",2005,1329932
"750","Uzbekistan","860",2010,1220149
"751","Uzbekistan","860",2015,1170873
"752","Uzbekistan","860",2019,1168384
"753","Southern Asia","5501",1990,19537940
"754","Southern Asia","5501",1995,15343019
"755","Southern Asia","5501",2000,15278079
"756","Southern Asia","5501",2005,13722314
"757","Southern Asia","5501",2010,14311392
"758","Southern Asia","5501",2015,14051010
"759","Southern Asia","5501",2019,14083627
"760","Afghanistan","4",1990,57686
"761","Afghanistan","4",1995,71522
"762","Afghanistan","4",2000,75917
"763","Afghanistan","4",2005,87300
"764","Afghanistan","4",2010,102246
"765","Afghanistan","4",2015,489749
"766","Afghanistan","4",2019,149762
"767","Bangladesh","50",1990,881617
"768","Bangladesh","50",1995,934735
"769","Bangladesh","50",2000,987853
"770","Bangladesh","50",2005,1166700
"771","Bangladesh","50",2010,1345546
"772","Bangladesh","50",2015,1422805
"773","Bangladesh","50",2019,2185613
"774","Bhutan","64",1990,23807
"775","Bhutan","64",1995,27972
"776","Bhutan","64",2000,32137
"777","Bhutan","64",2005,40279
"778","Bhutan","64",2010,48420
"779","Bhutan","64",2015,51106
"780","Bhutan","64",2019,53254
"781","India","356",1990,7594801
"782","India","356",1995,6952238
"783","India","356",2000,6411331
"784","India","356",2005,5923945
"785","India","356",2010,5439758
"786","India","356",2015,5240960
"787","India","356",2019,5154737
"788","Iran (Islamic Republic of)","364",1990,4291601
"789","Iran (Islamic Republic of)","364",1995,2937668
"790","Iran (Islamic Republic of)","364",2000,2803805
"791","Iran (Islamic Republic of)","364",2005,2568930
"792","Iran (Islamic Republic of)","364",2010,2761561
"793","Iran (Islamic Republic of)","364",2015,2726420
"794","Iran (Islamic Republic of)","364",2019,2682214
"795","Maldives","462",1990,8689
"796","Maldives","462",1995,18510
"797","Maldives","462",2000,27092
"798","Maldives","462",2005,45045
"799","Maldives","462",2010,54659
"800","Maldives","462",2015,64273
"801","Maldives","462",2019,69249
"802","Nepal","524",1990,429974
"803","Nepal","524",1995,690225
"804","Nepal","524",2000,717900
"805","Nepal","524",2005,679457
"806","Nepal","524",2010,578657
"807","Nepal","524",2015,509471
"808","Nepal","524",2019,490802
"809","Pakistan","586",1990,6208204
"810","Pakistan","586",1995,3669308
"811","Pakistan","586",2000,4181912
"812","Pakistan","586",2005,3171132
"813","Pakistan","586",2010,3941586
"814","Pakistan","586",2015,3506520
"815","Pakistan","586",2019,3257978
"816","Sri Lanka","144",1990,41561
"817","Sri Lanka","144",1995,40841
"818","Sri Lanka","144",2000,40132
"819","Sri Lanka","144",2005,39526
"820","Sri Lanka","144",2010,38959
"821","Sri Lanka","144",2015,39706
"822","Sri Lanka","144",2019,40018
"823","EASTERN AND SOUTH-EASTERN ASIA","1832",1990,6835882
"824","EASTERN AND SOUTH-EASTERN ASIA","1832",1995,8339806
"825","EASTERN AND SOUTH-EASTERN ASIA","1832",2000,10506212
"826","EASTERN AND SOUTH-EASTERN ASIA","1832",2005,12947187
"827","EASTERN AND SOUTH-EASTERN ASIA","1832",2010,15748091
"828","EASTERN AND SOUTH-EASTERN ASIA","1832",2015,17874084
"829","EASTERN AND SOUTH-EASTERN ASIA","1832",2019,18296631
"830","Eastern Asia","906",1990,3959266
"831","Eastern Asia","906",1995,4639749
"832","Eastern Asia","906",2000,5393004
"833","Eastern Asia","906",2005,6228684
"834","Eastern Asia","906",2010,7062527
"835","Eastern Asia","906",2015,7636397
"836","Eastern Asia","906",2019,8105764
"837","China","156",1990,376361
"838","China","156",1995,442198
"839","China","156",2000,508034
"840","China","156",2005,678947
"841","China","156",2010,849861
"842","China","156",2015,978046
"843","China","156",2019,1030871
"844","China, Hong Kong SAR","344",1990,2218473
"845","China, Hong Kong SAR","344",1995,2443798
"846","China, Hong Kong SAR","344",2000,2669122
"847","China, Hong Kong SAR","344",2005,2721235
"848","China, Hong Kong SAR","344",2010,2779950
"849","China, Hong Kong SAR","344",2015,2838665
"850","China, Hong Kong SAR","344",2019,2942254
"851","China, Macao SAR","446",1990,205047
"852","China, Macao SAR","446",1995,224929
"853","China, Macao SAR","446",2000,240791
"854","China, Macao SAR","446",2005,279308
"855","China, Macao SAR","446",2010,318506
"856","China, Macao SAR","446",2015,376066
"857","China, Macao SAR","446",2019,399572
"858","Dem. People's Republic of Korea","408",1990,34103
"859","Dem. People's Republic of Korea","408",1995,35143
"860","Dem. People's Republic of Korea","408",2000,36183
"861","Dem. People's Republic of Korea","408",2005,40097
"862","Dem. People's Republic of Korea","408",2010,44010
"863","Dem. People's Republic of Korea","408",2015,48458
"864","Dem. People's Republic of Korea","408",2019,49393
"865","Japan","392",1990,1075317
"866","Japan","392",1995,1362371
"867","Japan","392",2000,1686444
"868","Japan","392",2005,2011555
"869","Japan","392",2010,2134151
"870","Japan","392",2015,2232189
"871","Japan","392",2019,2498891
"872","Mongolia","496",1990,6718
"873","Mongolia","496",1995,7424
"874","Mongolia","496",2000,8206
"875","Mongolia","496",2005,11477
"876","Mongolia","496",2010,16062
"877","Mongolia","496",2015,19886
"878","Mongolia","496",2019,21128
"879","Republic of Korea","410",1990,43247
"880","Republic of Korea","410",1995,123886
"881","Republic of Korea","410",2000,244224
"882","Republic of Korea","410",2005,486065
"883","Republic of Korea","410",2010,919987
"884","Republic of Korea","410",2015,1143087
"885","Republic of Korea","410",2019,1163655
"886","South-Eastern Asia","920",1990,2876616
"887","South-Eastern Asia","920",1995,3700057
"888","South-Eastern Asia","920",2000,5113208
"889","South-Eastern Asia","920",2005,6718503
"890","South-Eastern Asia","920",2010,8685564
"891","South-Eastern Asia","920",2015,10237687
"892","South-Eastern Asia","920",2019,10190867
"893","Brunei Darussalam","96",1990,73200
"894","Brunei Darussalam","96",1995,84748
"895","Brunei Darussalam","96",2000,96296
"896","Brunei Darussalam","96",2005,98441
"897","Brunei Darussalam","96",2010,100587
"898","Brunei Darussalam","96",2015,102733
"899","Brunei Darussalam","96",2019,110641
"900","Cambodia","116",1990,38375
"901","Cambodia","116",1995,92230
"902","Cambodia","116",2000,146085
"903","Cambodia","116",2005,114031
"904","Cambodia","116",2010,81977
"905","Cambodia","116",2015,73963
"906","Cambodia","116",2019,78649
"907","Indonesia","360",1990,465612
"908","Indonesia","360",1995,378960
"909","Indonesia","360",2000,292307
"910","Indonesia","360",2005,289568
"911","Indonesia","360",2010,305416
"912","Indonesia","360",2015,338124
"913","Indonesia","360",2019,353135
"914","Lao People's Democratic Republic","418",1990,22866
"915","Lao People's Democratic Republic","418",1995,23526
"916","Lao People's Democratic Republic","418",2000,21948
"917","Lao People's Democratic Republic","418",2005,20371
"918","Lao People's Democratic Republic","418",2010,32955
"919","Lao People's Democratic Republic","418",2015,45538
"920","Lao People's Democratic Republic","418",2019,48275
"921","Malaysia","458",1990,695920
"922","Malaysia","458",1995,937368
"923","Malaysia","458",2000,1463598
"924","Malaysia","458",2005,1918504
"925","Malaysia","458",2010,2417395
"926","Malaysia","458",2015,3280681
"927","Malaysia","458",2019,3430380
"928","Myanmar","104",1990,133545
"929","Myanmar","104",1995,113663
"930","Myanmar","104",2000,98011
"931","Myanmar","104",2005,83025
"932","Myanmar","104",2010,76414
"933","Myanmar","104",2015,73309
"934","Myanmar","104",2019,75998
"935","Philippines","608",1990,154071
"936","Philippines","608",1995,207345
"937","Philippines","608",2000,318095
"938","Philippines","608",2005,257468
"939","Philippines","608",2010,208599
"940","Philippines","608",2015,211862
"941","Philippines","608",2019,218530
"942","Singapore","702",1990,727262
"943","Singapore","702",1995,991492
"944","Singapore","702",2000,1351691
"945","Singapore","702",2005,1710594
"946","Singapore","702",2010,2164794
"947","Singapore","702",2015,2543638
"948","Singapore","702",2019,2155653
"949","Thailand","764",1990,528693
"950","Thailand","764",1995,809720
"951","Thailand","764",2000,1257821
"952","Thailand","764",2005,2163447
"953","Thailand","764",2010,3224131
"954","Thailand","764",2015,3486526
"955","Thailand","764",2019,3635085
"956","Timor-Leste","626",1990,8954
"957","Timor-Leste","626",1995,9743
"958","Timor-Leste","626",2000,10602
"959","Timor-Leste","626",2005,11286
"960","Timor-Leste","626",2010,11540
"961","Timor-Leste","626",2015,8520
"962","Timor-Leste","626",2019,8417
"963","Viet Nam","704",1990,28118
"964","Viet Nam","704",1995,51262
"965","Viet Nam","704",2000,56754
"966","Viet Nam","704",2005,51768
"967","Viet Nam","704",2010,61756
"968","Viet Nam","704",2015,72793
"969","Viet Nam","704",2019,76104
"970","LATIN AMERICA AND THE CARIBBEAN","1830",1990,7161371
"971","LATIN AMERICA AND THE CARIBBEAN","1830",1995,6688710
"972","LATIN AMERICA AND THE CARIBBEAN","1830",2000,6570729
"973","LATIN AMERICA AND THE CARIBBEAN","1830",2005,7224942
"974","LATIN AMERICA AND THE CARIBBEAN","1830",2010,8262433
"975","LATIN AMERICA AND THE CARIBBEAN","1830",2015,9441679
"976","LATIN AMERICA AND THE CARIBBEAN","1830",2019,11673288
"977","Caribbean","915",1990,1056483
"978","Caribbean","915",1995,1148720
"979","Caribbean","915",2000,1247863
"980","Caribbean","915",2005,1311361
"981","Caribbean","915",2010,1326879
"982","Caribbean","915",2015,1489916
"983","Caribbean","915",2019,1524793
"984","Anguilla","660",1990,2570
"985","Anguilla","660",1995,3317
"986","Anguilla","660",2000,4063
"987","Anguilla","660",2005,4684
"988","Anguilla","660",2010,5103
"989","Anguilla","660",2015,5470
"990","Anguilla","660",2019,5679
"991","Antigua and Barbuda","28",1990,12029
"992","Antigua and Barbuda","28",1995,17550
"993","Antigua and Barbuda","28",2000,23071
"994","Antigua and Barbuda","28",2005,24741
"995","Antigua and Barbuda","28",2010,26412
"996","Antigua and Barbuda","28",2015,28083
"997","Antigua and Barbuda","28",2019,29207
"998","Aruba","533",1990,14444
"999","Aruba","533",1995,22274
"1000","Aruba","533",2000,30104
"1001","Aruba","533",2005,32540
"1002","Aruba","533",2010,34327
"1003","Aruba","533",2015,36114
"1004","Aruba","533",2019,36532
"1005","Bahamas","44",1990,26855
"1006","Bahamas","44",1995,31654
"1007","Bahamas","44",2000,36454
"1008","Bahamas","44",2005,45595
"1009","Bahamas","44",2010,54736
"1010","Bahamas","44",2015,59306
"1011","Bahamas","44",2019,62962
"1012","Barbados","52",1990,24024
"1013","Barbados","52",1995,26224
"1014","Barbados","52",2000,28424
"1015","Barbados","52",2005,30624
"1016","Barbados","52",2010,32825
"1017","Barbados","52",2015,34475
"1018","Barbados","52",2019,34807
"1019","British Virgin Islands","92",1990,8035
"1020","British Virgin Islands","92",1995,10046
"1021","British Virgin Islands","92",2000,12958
"1022","British Virgin Islands","92",2005,15016
"1023","British Virgin Islands","92",2010,17074
"1024","British Virgin Islands","92",2015,19132
"1025","British Virgin Islands","92",2019,20778
"1026","Bonaire, Sint Eustatius and Saba","535",1990,38410
"1027","Bonaire, Sint Eustatius and Saba","535",1995,42258
"1028","Bonaire, Sint Eustatius and Saba","535",2000,46105
"1029","Bonaire, Sint Eustatius and Saba","535",2005,62205
"1030","Bonaire, Sint Eustatius and Saba","535",2010,11445
"1031","Bonaire, Sint Eustatius and Saba","535",2015,13002
"1032","Bonaire, Sint Eustatius and Saba","535",2019,15484
"1033","Cayman Islands","136",1990,9315
"1034","Cayman Islands","136",1995,12666
"1035","Cayman Islands","136",2000,19176
"1036","Cayman Islands","136",2005,20679
"1037","Cayman Islands","136",2010,24057
"1038","Cayman Islands","136",2015,26177
"1039","Cayman Islands","136",2019,28985
"1040","Cuba","192",1990,34555
"1041","Cuba","192",1995,26187
"1042","Cuba","192",2000,17818
"1043","Cuba","192",2005,11935
"1044","Cuba","192",2010,6640
"1045","Cuba","192",2015,5312
"1046","Cuba","192",2019,4886
"1047","Curaçao","531",2010,34627
"1048","Curaçao","531",2015,37611
"1049","Curaçao","531",2019,40883
"1050","Dominica","212",1990,2519
"1051","Dominica","212",1995,3121
"1052","Dominica","212",2000,3723
"1053","Dominica","212",2005,4744
"1054","Dominica","212",2010,8110
"1055","Dominica","212",2015,8093
"1056","Dominica","212",2019,8264
"1057","Dominican Republic","214",1990,291151
"1058","Dominican Republic","214",1995,323381
"1059","Dominican Republic","214",2000,355611
"1060","Dominican Republic","214",2005,376001
"1061","Dominican Republic","214",2010,393720
"1062","Dominican Republic","214",2015,549289
"1063","Dominican Republic","214",2019,567648
"1064","Grenada","308",1990,4263
"1065","Grenada","308",1995,5544
"1066","Grenada","308",2000,6825
"1067","Grenada","308",2005,6902
"1068","Grenada","308",2010,6980
"1069","Grenada","308",2015,7057
"1070","Grenada","308",2019,7124
"1071","Guadeloupe","312",1990,65944
"1072","Guadeloupe","312",1995,74566
"1073","Guadeloupe","312",2000,83188
"1074","Guadeloupe","312",2005,89065
"1075","Guadeloupe","312",2010,94942
"1076","Guadeloupe","312",2015,98507
"1077","Guadeloupe","312",2019,100030
"1078","Haiti","332",1990,19084
"1079","Haiti","332",1995,18129
"1080","Haiti","332",2000,17222
"1081","Haiti","332",2005,16360
"1082","Haiti","332",2010,17178
"1083","Haiti","332",2015,18036
"1084","Haiti","332",2019,18756
"1085","Jamaica","388",1990,20475
"1086","Jamaica","388",1995,22713
"1087","Jamaica","388",2000,24952
"1088","Jamaica","388",2005,24314
"1089","Jamaica","388",2010,23677
"1090","Jamaica","388",2015,23167
"1091","Jamaica","388",2019,23468
"1092","Martinique","474",1990,38705
"1093","Martinique","474",1995,46599
"1094","Martinique","474",2000,54492
"1095","Martinique","474",2005,57034
"1096","Martinique","474",2010,59575
"1097","Martinique","474",2015,61731
"1098","Martinique","474",2019,61647
"1099","Montserrat","500",1990,2013
"1100","Montserrat","500",1995,1612
"1101","Montserrat","500",2000,1211
"1102","Montserrat","500",2005,1244
"1103","Montserrat","500",2010,1291
"1104","Montserrat","500",2015,1351
"1105","Montserrat","500",2019,1375
"1106","Puerto Rico","630",1990,321909
"1107","Puerto Rico","630",1995,338067
"1108","Puerto Rico","630",2000,355038
"1109","Puerto Rico","630",2005,352144
"1110","Puerto Rico","630",2010,304969
"1111","Puerto Rico","630",2015,280494
"1112","Puerto Rico","630",2019,266828
"1113","Saint Kitts and Nevis","659",1990,3210
"1114","Saint Kitts and Nevis","659",1995,4248
"1115","Saint Kitts and Nevis","659",2000,5871
"1116","Saint Kitts and Nevis","659",2005,6682
"1117","Saint Kitts and Nevis","659",2010,7245
"1118","Saint Kitts and Nevis","659",2015,7443
"1119","Saint Kitts and Nevis","659",2019,7587
"1120","Saint Lucia","662",1990,5305
"1121","Saint Lucia","662",1995,7155
"1122","Saint Lucia","662",2000,9871
"1123","Saint Lucia","662",2005,9842
"1124","Saint Lucia","662",2010,9051
"1125","Saint Lucia","662",2015,8673
"1126","Saint Lucia","662",2019,8383
"1127","Saint Vincent and the Grenadines","670",1990,3970
"1128","Saint Vincent and the Grenadines","670",1995,4135
"1129","Saint Vincent and the Grenadines","670",2000,4307
"1130","Saint Vincent and the Grenadines","670",2005,4436
"1131","Saint Vincent and the Grenadines","670",2010,4569
"1132","Saint Vincent and the Grenadines","670",2015,4637
"1133","Saint Vincent and the Grenadines","670",2019,4692
"1134","Sint Maarten (Dutch part)","534",2010,26200
"1135","Sint Maarten (Dutch part)","534",2015,27295
"1136","Sint Maarten (Dutch part)","534",2019,28260
"1137","Trinidad and Tobago","780",1990,50666
"1138","Trinidad and Tobago","780",1995,45994
"1139","Trinidad and Tobago","780",2000,41753
"1140","Trinidad and Tobago","780",2005,44812
"1141","Trinidad and Tobago","780",2010,48226
"1142","Trinidad and Tobago","780",2015,50021
"1143","Trinidad and Tobago","780",2019,59249
"1144","Turks and Caicos Islands","796",1990,5062
"1145","Turks and Caicos Islands","796",1995,7039
"1146","Turks and Caicos Islands","796",2000,9015
"1147","Turks and Caicos Islands","796",2005,13115
"1148","Turks and Caicos Islands","796",2010,17216
"1149","Turks and Caicos Islands","796",2015,22719
"1150","Turks and Caicos Islands","796",2019,24534
"1151","United States Virgin Islands","850",1990,51970
"1152","United States Virgin Islands","850",1995,54241
"1153","United States Virgin Islands","850",2000,56611
"1154","United States Virgin Islands","850",2005,56647
"1155","United States Virgin Islands","850",2010,56684
"1156","United States Virgin Islands","850",2015,56721
"1157","United States Virgin Islands","850",2019,56745
"1158","Central America","916",1990,1829911
"1159","Central America","916",1995,1298916
"1160","Central America","916",2000,1107577
"1161","Central America","916",2005,1385713
"1162","Central America","916",2010,1749940
"1163","Central America","916",2015,1878860
"1164","Central America","916",2019,1927688
"1165","Belize","84",1990,30404
"1166","Belize","84",1995,33446
"1167","Belize","84",2000,36488
"1168","Belize","84",2005,41424
"1169","Belize","84",2010,46360
"1170","Belize","84",2015,54674
"1171","Belize","84",2019,59998
"1172","Costa Rica","188",1990,417628
"1173","Costa Rica","188",1995,364287
"1174","Costa Rica","188",2000,310946
"1175","Costa Rica","188",2005,358175
"1176","Costa Rica","188",2010,405404
"1177","Costa Rica","188",2015,411697
"1178","Costa Rica","188",2019,417768
"1179","El Salvador","222",1990,47360
"1180","El Salvador","222",1995,39537
"1181","El Salvador","222",2000,31713
"1182","El Salvador","222",2005,36019
"1183","El Salvador","222",2010,40324
"1184","El Salvador","222",2015,42045
"1185","El Salvador","222",2019,42617
"1186","Guatemala","320",1990,264257
"1187","Guatemala","320",1995,156188
"1188","Guatemala","320",2000,48119
"1189","Guatemala","320",2005,57252
"1190","Guatemala","320",2010,66384
"1191","Guatemala","320",2015,78352
"1192","Guatemala","320",2019,80421
"1193","Honduras","340",1990,270423
"1194","Honduras","340",1995,149442
"1195","Honduras","340",2000,28461
"1196","Honduras","340",2005,27875
"1197","Honduras","340",2010,27288
"1198","Honduras","340",2015,38317
"1199","Honduras","340",2019,38933
"1200","Mexico","484",1990,695674
"1201","Mexico","484",1995,458549
"1202","Mexico","484",2000,538051
"1203","Mexico","484",2005,712487
"1204","Mexico","484",2010,969538
"1205","Mexico","484",2015,1028803
"1206","Mexico","484",2019,1060707
"1207","Nicaragua","558",1990,41421
"1208","Nicaragua","558",1995,26619
"1209","Nicaragua","558",2000,30389
"1210","Nicaragua","558",2005,34918
"1211","Nicaragua","558",2010,37333
"1212","Nicaragua","558",2015,40262
"1213","Nicaragua","558",2019,42172
"1214","Panama","591",1990,62744
"1215","Panama","591",1995,70848
"1216","Panama","591",2000,83410
"1217","Panama","591",2005,117563
"1218","Panama","591",2010,157309
"1219","Panama","591",2015,184710
"1220","Panama","591",2019,185072
"1221","South America","931",1990,4274977
"1222","South America","931",1995,4241074
"1223","South America","931",2000,4215289
"1224","South America","931",2005,4527868
"1225","South America","931",2010,5185614
"1226","South America","931",2015,6072903
"1227","South America","931",2019,8220807
"1228","Argentina","32",1990,1649919
"1229","Argentina","32",1995,1595069
"1230","Argentina","32",2000,1540219
"1231","Argentina","32",2005,1673088
"1232","Argentina","32",2010,1805957
"1233","Argentina","32",2015,2086302
"1234","Argentina","32",2019,2212879
"1235","Bolivia (Plurinational State of)","68",1990,73758
"1236","Bolivia (Plurinational State of)","68",1995,83598
"1237","Bolivia (Plurinational State of)","68",2000,92658
"1238","Bolivia (Plurinational State of)","68",2005,107745
"1239","Bolivia (Plurinational State of)","68",2010,122846
"1240","Bolivia (Plurinational State of)","68",2015,142989
"1241","Bolivia (Plurinational State of)","68",2019,156114
"1242","Brazil","76",1990,798517
"1243","Brazil","76",1995,741557
"1244","Brazil","76",2000,684596
"1245","Brazil","76",2005,638582
"1246","Brazil","76",2010,592568
"1247","Brazil","76",2015,716568
"1248","Brazil","76",2019,807006
"1249","Chile","152",1990,107501
"1250","Chile","152",1995,142417
"1251","Chile","152",2000,177332
"1252","Chile","152",2005,276360
"1253","Chile","152",2010,375388
"1254","Chile","152",2015,639724
"1255","Chile","152",2019,939992
"1256","Colombia","170",1990,104277
"1257","Colombia","170",1995,106943
"1258","Colombia","170",2000,109609
"1259","Colombia","170",2005,107612
"1260","Colombia","170",2010,124271
"1261","Colombia","170",2015,139134
"1262","Colombia","170",2019,1142319
"1263","Ecuador","218",1990,78663
"1264","Ecuador","218",1995,115093
"1265","Ecuador","218",2000,151523
"1266","Ecuador","218",2005,187404
"1267","Ecuador","218",2010,325366
"1268","Ecuador","218",2015,387513
"1269","Ecuador","218",2019,381507
"1270","Falkland Islands (Malvinas)","238",1990,855
"1271","Falkland Islands (Malvinas)","238",1995,868
"1272","Falkland Islands (Malvinas)","238",2000,1067
"1273","Falkland Islands (Malvinas)","238",2005,1166
"1274","Falkland Islands (Malvinas)","238",2010,1436
"1275","Falkland Islands (Malvinas)","238",2015,1571
"1276","Falkland Islands (Malvinas)","238",2019,1902
"1277","French Guiana","254",1990,63612
"1278","French Guiana","254",1995,70131
"1279","French Guiana","254",2000,76649
"1280","French Guiana","254",2005,86468
"1281","French Guiana","254",2010,96288
"1282","French Guiana","254",2015,106108
"1283","French Guiana","254",2019,117372
"1284","Guyana","328",1990,4095
"1285","Guyana","328",1995,6352
"1286","Guyana","328",2000,8610
"1287","Guyana","328",2005,10868
"1288","Guyana","328",2010,13126
"1289","Guyana","328",2015,15384
"1290","Guyana","328",2019,15699
"1291","Paraguay","600",1990,195884
"1292","Paraguay","600",1995,186570
"1293","Paraguay","600",2000,176608
"1294","Paraguay","600",2005,168243
"1295","Paraguay","600",2010,160299
"1296","Paraguay","600",2015,156462
"1297","Paraguay","600",2019,160519
"1298","Peru","604",1990,56688
"1299","Peru","604",1995,56732
"1300","Peru","604",2000,66300
"1301","Peru","604",2005,77877
"1302","Peru","604",2010,104706
"1303","Peru","604",2015,154774
"1304","Peru","604",2019,782169
"1305","Suriname","740",1990,18083
"1306","Suriname","740",1995,22320
"1307","Suriname","740",2000,27506
"1308","Suriname","740",2005,33664
"1309","Suriname","740",2010,39713
"1310","Suriname","740",2015,43127
"1311","Suriname","740",2019,46157
"1312","Uruguay","858",1990,98116
"1313","Uruguay","858",1995,93428
"1314","Uruguay","858",2000,88874
"1315","Uruguay","858",2005,82317
"1316","Uruguay","858",2010,76303
"1317","Uruguay","858",2015,78799
"1318","Uruguay","858",2019,81482
"1319","Venezuela (Bolivarian Republic of)","862",1990,1025009
"1320","Venezuela (Bolivarian Republic of)","862",1995,1019996
"1321","Venezuela (Bolivarian Republic of)","862",2000,1013738
"1322","Venezuela (Bolivarian Republic of)","862",2005,1076474
"1323","Venezuela (Bolivarian Republic of)","862",2010,1347347
"1324","Venezuela (Bolivarian Republic of)","862",2015,1404448
"1325","Venezuela (Bolivarian Republic of)","862",2019,1375690
"1326","OCEANIA","909",1990,4731848
"1327","OCEANIA","909",1995,5022287
"1328","OCEANIA","909",2000,5361231
"1329","OCEANIA","909",2005,6023412
"1330","OCEANIA","909",2010,7127680
"1331","OCEANIA","909",2015,8069944
"1332","OCEANIA","909",2019,8927925
"1333","Australia / New Zealand","927",1990,4473260
"1334","Australia / New Zealand","927",1995,4741947
"1335","Australia / New Zealand","927",2000,5065063
"1336","Australia / New Zealand","927",2005,5717982
"1337","Australia / New Zealand","927",2010,6830423
"1338","Australia / New Zealand","927",2015,7769466
"1339","Australia / New Zealand","927",2019,8618009
"1340","Australia","36",1990,3955213
"1341","Australia","36",1995,4153330
"1342","Australia","36",2000,4386250
"1343","Australia","36",2005,4878030
"1344","Australia","36",2010,5882980
"1345","Australia","36",2015,6729730
"1346","Australia","36",2019,7549270
"1347","New Zealand","554",1990,518047
"1348","New Zealand","554",1995,588617
"1349","New Zealand","554",2000,678813
"1350","New Zealand","554",2005,839952
"1351","New Zealand","554",2010,947443
"1352","New Zealand","554",2015,1039736
"1353","New Zealand","554",2019,1068739
"1354","Melanesia","928",1990,91200
"1355","Melanesia","928",1995,96828
"1356","Melanesia","928",2000,95281
"1357","Melanesia","928",2005,104017
"1358","Melanesia","928",2010,110685
"1359","Melanesia","928",2015,119344
"1360","Melanesia","928",2019,123564
"1361","Fiji","242",1990,13283
"1362","Fiji","242",1995,13001
"1363","Fiji","242",2000,12719
"1364","Fiji","242",2005,12435
"1365","Fiji","242",2010,13351
"1366","Fiji","242",2015,13751
"1367","Fiji","242",2019,14038
"1368","New Caledonia","540",1990,37673
"1369","New Caledonia","540",1995,43662
"1370","New Caledonia","540",2000,49651
"1371","New Caledonia","540",2005,55405
"1372","New Caledonia","540",2010,61158
"1373","New Caledonia","540",2015,68881
"1374","New Caledonia","540",2019,72537
"1375","Papua New Guinea","598",1990,33710
"1376","Papua New Guinea","598",1995,33526
"1377","Papua New Guinea","598",2000,26304
"1378","Papua New Guinea","598",2005,30106
"1379","Papua New Guinea","598",2010,30425
"1380","Papua New Guinea","598",2015,30940
"1381","Papua New Guinea","598",2019,31212
"1382","Solomon Islands","90",1990,4226
"1383","Solomon Islands","90",1995,4178
"1384","Solomon Islands","90",2000,3981
"1385","Solomon Islands","90",2005,3271
"1386","Solomon Islands","90",2010,2760
"1387","Solomon Islands","90",2015,2585
"1388","Solomon Islands","90",2019,2532
"1389","Vanuatu","548",1990,2308
"1390","Vanuatu","548",1995,2461
"1391","Vanuatu","548",2000,2626
"1392","Vanuatu","548",2005,2800
"1393","Vanuatu","548",2010,2991
"1394","Vanuatu","548",2015,3187
"1395","Vanuatu","548",2019,3245
"1396","Micronesia","954",1990,108969
"1397","Micronesia","954",1995,118687
"1398","Micronesia","954",2000,130186
"1399","Micronesia","954",2005,128390
"1400","Micronesia","954",2010,115020
"1401","Micronesia","954",2015,113523
"1402","Micronesia","954",2019,117978
"1403","Guam","316",1990,69755
"1404","Guam","316",1995,71912
"1405","Guam","316",2000,74070
"1406","Guam","316",2005,74743
"1407","Guam","316",2010,75416
"1408","Guam","316",2015,76089
"1409","Guam","316",2019,79846
"1410","Kiribati","296",1990,2162
"1411","Kiribati","296",1995,2223
"1412","Kiribati","296",2000,2283
"1413","Kiribati","296",2005,2487
"1414","Kiribati","296",2010,2868
"1415","Kiribati","296",2015,2919
"1416","Kiribati","296",2019,3022
"1417","Marshall Islands","584",1990,1158
"1418","Marshall Islands","584",1995,1480
"1419","Marshall Islands","584",2000,1891
"1420","Marshall Islands","584",2005,2417
"1421","Marshall Islands","584",2010,3089
"1422","Marshall Islands","584",2015,3284
"1423","Marshall Islands","584",2019,3296
"1424","Micronesia (Fed. States of)","583",1990,3685
"1425","Micronesia (Fed. States of)","583",1995,3342
"1426","Micronesia (Fed. States of)","583",2000,3116
"1427","Micronesia (Fed. States of)","583",2005,2905
"1428","Micronesia (Fed. States of)","583",2010,2806
"1429","Micronesia (Fed. States of)","583",2015,2756
"1430","Micronesia (Fed. States of)","583",2019,2819
"1431","Nauru","520",1990,2815
"1432","Nauru","520",1995,2605
"1433","Nauru","520",2000,2394
"1434","Nauru","520",2005,2253
"1435","Nauru","520",2010,1183
"1436","Nauru","520",2015,1890
"1437","Nauru","520",2019,2114
"1438","Northern Mariana Islands","580",1990,26593
"1439","Northern Mariana Islands","580",1995,32376
"1440","Northern Mariana Islands","580",2000,40122
"1441","Northern Mariana Islands","580",2005,37542
"1442","Northern Mariana Islands","580",2010,24168
"1443","Northern Mariana Islands","580",2015,21648
"1444","Northern Mariana Islands","580",2019,21815
"1445","Palau","585",1990,2801
"1446","Palau","585",1995,4749
"1447","Palau","585",2000,6310
"1448","Palau","585",2005,6043
"1449","Palau","585",2010,5490
"1450","Palau","585",2015,4937
"1451","Palau","585",2019,5066
"1452","Polynesia","957",1990,58419
"1453","Polynesia","957",1995,64825
"1454","Polynesia","957",2000,70701
"1455","Polynesia","957",2005,73023
"1456","Polynesia","957",2010,71552
"1457","Polynesia","957",2015,67611
"1458","Polynesia","957",2019,68374
"1459","American Samoa","16",1990,21283
"1460","American Samoa","16",1995,23098
"1461","American Samoa","16",2000,24912
"1462","American Samoa","16",2005,24233
"1463","American Samoa","16",2010,23555
"1464","American Samoa","16",2015,23513
"1465","American Samoa","16",2019,23539
"1466","Cook Islands","184",1990,2587
"1467","Cook Islands","184",1995,2686
"1468","Cook Islands","184",2000,2785
"1469","Cook Islands","184",2005,3277
"1470","Cook Islands","184",2010,3769
"1471","Cook Islands","184",2015,3477
"1472","Cook Islands","184",2019,3491
"1473","French Polynesia","258",1990,25830
"1474","French Polynesia","258",1995,28360
"1475","French Polynesia","258",2000,30329
"1476","French Polynesia","258",2005,32286
"1477","French Polynesia","258",2010,31640
"1478","French Polynesia","258",2015,30058
"1479","French Polynesia","258",2019,31205
"1480","Niue","570",1990,461
"1481","Niue","570",1995,480
"1482","Niue","570",2000,498
"1483","Niue","570",2005,522
"1484","Niue","570",2010,589
"1485","Niue","570",2015,588
"1486","Niue","570",2019,588
"1487","Samoa","882",1990,3357
"1488","Samoa","882",1995,4694
"1489","Samoa","882",2000,5998
"1490","Samoa","882",2005,5746
"1491","Samoa","882",2010,5122
"1492","Samoa","882",2015,4252
"1493","Samoa","882",2019,4035
"1494","Tokelau","772",1990,270
"1495","Tokelau","772",1995,266
"1496","Tokelau","772",2000,262
"1497","Tokelau","772",2005,258
"1498","Tokelau","772",2010,429
"1499","Tokelau","772",2015,487
"1500","Tokelau","772",2019,504
"1501","Tonga","776",1990,2911
"1502","Tonga","776",1995,3274
"1503","Tonga","776",2000,3684
"1504","Tonga","776",2005,4301
"1505","Tonga","776",2010,4604
"1506","Tonga","776",2015,3954
"1507","Tonga","776",2019,3752
"1508","Tuvalu","798",1990,318
"1509","Tuvalu","798",1995,263
"1510","Tuvalu","798",2000,218
"1511","Tuvalu","798",2005,209
"1512","Tuvalu","798",2010,220
"1513","Tuvalu","798",2015,230
"1514","Tuvalu","798",2019,238
"1515","Wallis and Futuna Islands","876",1990,1402
"1516","Wallis and Futuna Islands","876",1995,1704
"1517","Wallis and Futuna Islands","876",2000,2015
"1518","Wallis and Futuna Islands","876",2005,2191
"1519","Wallis and Futuna Islands","876",2010,1624
"1520","Wallis and Futuna Islands","876",2015,1052
"1521","Wallis and Futuna Islands","876",2019,1022
"1522","EUROPE AND NORTHERN AMERICA","1829",1990,77218639
"1523","EUROPE AND NORTHERN AMERICA","1829",1995,86830777
"1524","EUROPE AND NORTHERN AMERICA","1829",2000,97210482
"1525","EUROPE AND NORTHERN AMERICA","1829",2005,108958079
"1526","EUROPE AND NORTHERN AMERICA","1829",2010,121648886
"1527","EUROPE AND NORTHERN AMERICA","1829",2015,130641662
"1528","EUROPE AND NORTHERN AMERICA","1829",2019,140952361
"1529","EUROPE","917",1990,49608231
"1530","EUROPE","917",1995,53489829
"1531","EUROPE","917",2000,56858788
"1532","EUROPE","917",2005,63594822
"1533","EUROPE","917",2010,70678025
"1534","EUROPE","917",2015,75008219
"1535","EUROPE","917",2019,82304539
"1536","Eastern Europe","923",1990,21995312
"1537","Eastern Europe","923",1995,21344124
"1538","Eastern Europe","923",2000,20435785
"1539","Eastern Europe","923",2005,19744557
"1540","Eastern Europe","923",2010,19110686
"1541","Eastern Europe","923",2015,19841537
"1542","Eastern Europe","923",2019,20278745
"1543","Belarus","112",1990,1248977
"1544","Belarus","112",1995,1186282
"1545","Belarus","112",2000,1123586
"1546","Belarus","112",2005,1106982
"1547","Belarus","112",2010,1090378
"1548","Belarus","112",2015,1082905
"1549","Belarus","112",2019,1069395
"1550","Bulgaria","100",1990,21510
"1551","Bulgaria","100",1995,32435
"1552","Bulgaria","100",2000,43360
"1553","Bulgaria","100",2005,61074
"1554","Bulgaria","100",2010,76287
"1555","Bulgaria","100",2015,123803
"1556","Bulgaria","100",2019,168516
"1557","Czechia","203",1990,110394
"1558","Czechia","203",1995,165592
"1559","Czechia","203",2000,220789
"1560","Czechia","203",2005,322540
"1561","Czechia","203",2010,398493
"1562","Czechia","203",2015,416454
"1563","Czechia","203",2019,512705
"1564","Hungary","348",1990,347510
"1565","Hungary","348",1995,322234
"1566","Hungary","348",2000,296957
"1567","Hungary","348",2005,366787
"1568","Hungary","348",2010,436616
"1569","Hungary","348",2015,475508
"1570","Hungary","348",2019,512043
"1571","Poland","616",1990,1127771
"1572","Poland","616",1995,964725
"1573","Poland","616",2000,825251
"1574","Poland","616",2005,722509
"1575","Poland","616",2010,642417
"1576","Poland","616",2015,619403
"1577","Poland","616",2019,655985
"1578","Republic of Moldova","498",1990,544162
"1579","Republic of Moldova","498",1995,367231
"1580","Republic of Moldova","498",2000,247828
"1581","Republic of Moldova","498",2005,171122
"1582","Republic of Moldova","498",2010,129488
"1583","Republic of Moldova","498",2015,106374
"1584","Republic of Moldova","498",2019,104713
"1585","Romania","642",1990,135825
"1586","Romania","642",1995,135037
"1587","Romania","642",2000,134254
"1588","Romania","642",2005,145162
"1589","Romania","642",2010,177211
"1590","Romania","642",2015,281048
"1591","Romania","642",2019,462552
"1592","Russian Federation","643",1990,11524948
"1593","Russian Federation","643",1995,11928927
"1594","Russian Federation","643",2000,11900297
"1595","Russian Federation","643",2005,11667588
"1596","Russian Federation","643",2010,11194710
"1597","Russian Federation","643",2015,11643276
"1598","Russian Federation","643",2019,11640559
"1599","Slovakia","703",1990,41295
"1600","Slovakia","703",1995,69323
"1601","Slovakia","703",2000,116376
"1602","Slovakia","703",2005,130491
"1603","Slovakia","703",2010,146319
"1604","Slovakia","703",2015,177624
"1605","Slovakia","703",2019,187984
"1606","Ukraine","804",1990,6892920
"1607","Ukraine","804",1995,6172338
"1608","Ukraine","804",2000,5527087
"1609","Ukraine","804",2005,5050302
"1610","Ukraine","804",2010,4818767
"1611","Ukraine","804",2015,4915142
"1612","Ukraine","804",2019,4964293
"1613","Northern Europe","924",1990,6645605
"1614","Northern Europe","924",1995,7194824
"1615","Northern Europe","924",2000,7900973
"1616","Northern Europe","924",2005,9588814
"1617","Northern Europe","924",2010,11344850
"1618","Northern Europe","924",2015,13269401
"1619","Northern Europe","924",2019,15094924
"1620","Channel Islands","830",1990,61660
"1621","Channel Islands","830",1995,60519
"1622","Channel Islands","830",2000,64301
"1623","Channel Islands","830",2005,70941
"1624","Channel Islands","830",2010,77581
"1625","Channel Islands","830",2015,82307
"1626","Channel Islands","830",2019,83833
"1627","Denmark","208",1990,235189
"1628","Denmark","208",1995,303108
"1629","Denmark","208",2000,371026
"1630","Denmark","208",2005,440383
"1631","Denmark","208",2010,500772
"1632","Denmark","208",2015,595876
"1633","Denmark","208",2019,722878
"1634","Estonia","233",1990,381997
"1635","Estonia","233",1995,315755
"1636","Estonia","233",2000,249512
"1637","Estonia","233",2005,233701
"1638","Estonia","233",2010,217890
"1639","Estonia","233",2015,194664
"1640","Estonia","233",2019,190242
"1641","Faroe Islands","234",1990,4285
"1642","Faroe Islands","234",1995,2900
"1643","Faroe Islands","234",2000,3593
"1644","Faroe Islands","234",2005,4583
"1645","Faroe Islands","234",2010,5096
"1646","Faroe Islands","234",2015,5485
"1647","Faroe Islands","234",2019,6454
"1648","Finland","246",1990,63255
"1649","Finland","246",1995,99729
"1650","Finland","246",2000,136203
"1651","Finland","246",2005,192169
"1652","Finland","246",2010,228481
"1653","Finland","246",2015,314856
"1654","Finland","246",2019,383116
"1655","Iceland","352",1990,9584
"1656","Iceland","352",1995,12738
"1657","Iceland","352",2000,15892
"1658","Iceland","352",2005,25492
"1659","Iceland","352",2010,35091
"1660","Iceland","352",2015,39072
"1661","Iceland","352",2019,52404
"1662","Ireland","372",1990,227961
"1663","Ireland","372",1995,226892
"1664","Ireland","372",2000,350552
"1665","Ireland","372",2005,589046
"1666","Ireland","372",2010,730542
"1667","Ireland","372",2015,759256
"1668","Ireland","372",2019,833564
"1669","Isle of Man","833",1990,34769
"1670","Isle of Man","833",1995,36886
"1671","Isle of Man","833",2000,39002
"1672","Isle of Man","833",2005,41475
"1673","Isle of Man","833",2010,43447
"1674","Isle of Man","833",2015,42238
"1675","Isle of Man","833",2019,42864
"1676","Latvia","428",1990,646007
"1677","Latvia","428",1995,538093
"1678","Latvia","428",2000,430178
"1679","Latvia","428",2005,376725
"1680","Latvia","428",2010,313786
"1681","Latvia","428",2015,265418
"1682","Latvia","428",2019,237266
"1683","Lithuania","440",1990,349258
"1684","Lithuania","440",1995,273587
"1685","Lithuania","440",2000,214311
"1686","Lithuania","440",2005,201209
"1687","Lithuania","440",2010,160772
"1688","Lithuania","440",2015,136021
"1689","Lithuania","440",2019,117218
"1690","Norway","578",1990,192587
"1691","Norway","578",1995,233302
"1692","Norway","578",2000,292440
"1693","Norway","578",2005,361144
"1694","Norway","578",2010,526799
"1695","Norway","578",2015,746375
"1696","Norway","578",2019,867765
"1697","Sweden","752",1990,788767
"1698","Sweden","752",1995,936022
"1699","Sweden","752",2000,1003798
"1700","Sweden","752",2005,1125790
"1701","Sweden","752",2010,1384929
"1702","Sweden","752",2015,1676264
"1703","Sweden","752",2019,2005210
"1704","United Kingdom","826",1990,3650286
"1705","United Kingdom","826",1995,4155293
"1706","United Kingdom","826",2000,4730165
"1707","United Kingdom","826",2005,5926156
"1708","United Kingdom","826",2010,7119664
"1709","United Kingdom","826",2015,8411569
"1710","United Kingdom","826",2019,9552110
"1711","Southern Europe","925",1990,4340439
"1712","Southern Europe","925",1995,6230116
"1713","Southern Europe","925",2000,7681653
"1714","Southern Europe","925",2005,12004009
"1715","Southern Europe","925",2010,16206134
"1716","Southern Europe","925",2015,15815447
"1717","Southern Europe","925",2019,16503552
"1718","Albania","8",1990,66013
"1719","Albania","8",1995,71354
"1720","Albania","8",2000,76695
"1721","Albania","8",2005,64739
"1722","Albania","8",2010,52784
"1723","Albania","8",2015,52031
"1724","Albania","8",2019,49160
"1725","Andorra","20",1990,38891
"1726","Andorra","20",1995,44206
"1727","Andorra","20",2000,42147
"1728","Andorra","20",2005,50298
"1729","Andorra","20",2010,52053
"1730","Andorra","20",2015,42264
"1731","Andorra","20",2019,45102
"1732","Bosnia and Herzegovina","70",1990,56000
"1733","Bosnia and Herzegovina","70",1995,69476
"1734","Bosnia and Herzegovina","70",2000,82952
"1735","Bosnia and Herzegovina","70",2005,47272
"1736","Bosnia and Herzegovina","70",2010,38792
"1737","Bosnia and Herzegovina","70",2015,38574
"1738","Bosnia and Herzegovina","70",2019,35735
"1739","Croatia","191",1990,475438
"1740","Croatia","191",1995,674085
"1741","Croatia","191",2000,585298
"1742","Croatia","191",2005,579273
"1743","Croatia","191",2010,573248
"1744","Croatia","191",2015,561093
"1745","Croatia","191",2019,518083
"1746","Gibraltar","292",1990,8709
"1747","Gibraltar","292",1995,8381
"1748","Gibraltar","292",2000,8054
"1749","Gibraltar","292",2005,9211
"1750","Gibraltar","292",2010,10369
"1751","Gibraltar","292",2015,11065
"1752","Gibraltar","292",2019,11172
"1753","Greece","300",1990,618139
"1754","Greece","300",1995,857850
"1755","Greece","300",2000,1111665
"1756","Greece","300",2005,1190707
"1757","Greece","300",2010,1321149
"1758","Greece","300",2015,1242924
"1759","Greece","300",2019,1211382
"1760","Holy See","336",1990,768
"1761","Holy See","336",1995,780
"1762","Holy See","336",2000,785
"1763","Holy See","336",2005,798
"1764","Holy See","336",2010,794
"1765","Holy See","336",2015,803
"1766","Holy See","336",2019,799
"1767","Italy","380",1990,1428219
"1768","Italy","380",1995,1774954
"1769","Italy","380",2000,2121688
"1770","Italy","380",2005,3954790
"1771","Italy","380",2010,5787893
"1772","Italy","380",2015,5805328
"1773","Italy","380",2019,6273722
"1774","Malta","470",1990,15077
"1775","Malta","470",1995,17740
"1776","Malta","470",2000,21521
"1777","Malta","470",2005,24560
"1778","Malta","470",2010,33008
"1779","Malta","470",2015,52642
"1780","Malta","470",2019,84949
"1781","Montenegro","499",2010,78512
"1782","Montenegro","499",2015,71719
"1783","Montenegro","499",2019,70967
"1784","North Macedonia","807",1990,95142
"1785","North Macedonia","807",1995,109343
"1786","North Macedonia","807",2000,125665
"1787","North Macedonia","807",2005,127667
"1788","North Macedonia","807",2010,129701
"1789","North Macedonia","807",2015,130730
"1790","North Macedonia","807",2019,131175
"1791","Portugal","620",1990,435782
"1792","Portugal","620",1995,532822
"1793","Portugal","620",2000,651472
"1794","Portugal","620",2005,771184
"1795","Portugal","620",2010,762825
"1796","Portugal","620",2015,864814
"1797","Portugal","620",2019,888162
"1798","San Marino","674",1990,3310
"1799","San Marino","674",1995,3659
"1800","San Marino","674",2000,4045
"1801","San Marino","674",2005,4218
"1802","San Marino","674",2010,4880
"1803","San Marino","674",2015,5195
"1804","San Marino","674",2019,5507
"1805","Serbia","688",1990,99269
"1806","Serbia","688",1995,870980
"1807","Serbia","688",2000,977873
"1808","Serbia","688",2005,854848
"1809","Serbia","688",2010,826275
"1810","Serbia","688",2015,807441
"1811","Serbia","688",2019,820312
"1812","Slovenia","705",1990,178077
"1813","Slovenia","705",1995,174419
"1814","Slovenia","705",2000,214508
"1815","Slovenia","705",2005,217218
"1816","Slovenia","705",2010,253786
"1817","Slovenia","705",2015,237616
"1818","Slovenia","705",2019,253122
"1819","Spain","724",1990,821605
"1820","Spain","724",1995,1020067
"1821","Spain","724",2000,1657285
"1822","Spain","724",2005,4107226
"1823","Spain","724",2010,6280065
"1824","Spain","724",2015,5891208
"1825","Spain","724",2019,6104203
"1826","Western Europe","926",1990,16626875
"1827","Western Europe","926",1995,18720765
"1828","Western Europe","926",2000,20840377
"1829","Western Europe","926",2005,22257442
"1830","Western Europe","926",2010,24016355
"1831","Western Europe","926",2015,26081834
"1832","Western Europe","926",2019,30427318
"1833","Austria","40",1990,793239
"1834","Austria","40",1995,894893
"1835","Austria","40",2000,996547
"1836","Austria","40",2005,1136270
"1837","Austria","40",2010,1275992
"1838","Austria","40",2015,1492374
"1839","Austria","40",2019,1779857
"1840","Belgium","56",1990,1280583
"1841","Belgium","56",1995,1288003
"1842","Belgium","56",2000,1268368
"1843","Belgium","56",2005,1248733
"1844","Belgium","56",2010,1503806
"1845","Belgium","56",2015,1783488
"1846","Belgium","56",2019,1981919
"1847","France","250",1990,5897267
"1848","France","250",1995,6087993
"1849","France","250",2000,6278718
"1850","France","250",2005,6737600
"1851","France","250",2010,7309986
"1852","France","250",2015,7874172
"1853","France","250",2019,8334875
"1854","Germany","276",1990,5936181
"1855","Germany","276",1995,7464406
"1856","Germany","276",2000,8992631
"1857","Germany","276",2005,9402447
"1858","Germany","276",2010,9812263
"1859","Germany","276",2015,10220418
"1860","Germany","276",2019,13132146
"1861","Liechtenstein","438",1990,10906
"1862","Liechtenstein","438",1995,13311
"1863","Liechtenstein","438",2000,15483
"1864","Liechtenstein","438",2005,18898
"1865","Liechtenstein","438",2010,22342
"1866","Liechtenstein","438",2015,23799
"1867","Liechtenstein","438",2019,25467
"1868","Luxembourg","442",1990,113795
"1869","Luxembourg","442",1995,126106
"1870","Luxembourg","442",2000,139750
"1871","Luxembourg","442",2005,150618
"1872","Luxembourg","442",2010,163142
"1873","Luxembourg","442",2015,248888
"1874","Luxembourg","442",2019,291723
"1875","Monaco","492",1990,20359
"1876","Monaco","492",1995,21060
"1877","Monaco","492",2000,21787
"1878","Monaco","492",2005,21312
"1879","Monaco","492",2010,21132
"1880","Monaco","492",2015,25983
"1881","Monaco","492",2019,26511
"1882","Netherlands","528",1990,1182263
"1883","Netherlands","528",1995,1346164
"1884","Netherlands","528",2000,1556337
"1885","Netherlands","528",2005,1736127
"1886","Netherlands","528",2010,1832510
"1887","Netherlands","528",2015,1996318
"1888","Netherlands","528",2019,2282791
"1889","Switzerland","756",1990,1392282
"1890","Switzerland","756",1995,1478829
"1891","Switzerland","756",2000,1570756
"1892","Switzerland","756",2005,1805437
"1893","Switzerland","756",2010,2075182
"1894","Switzerland","756",2015,2416394
"1895","Switzerland","756",2019,2572029
"1896","NORTHERN AMERICA","918",1990,27610408
"1897","NORTHERN AMERICA","918",1995,33340948
"1898","NORTHERN AMERICA","918",2000,40351694
"1899","NORTHERN AMERICA","918",2005,45363257
"1900","NORTHERN AMERICA","918",2010,50970861
"1901","NORTHERN AMERICA","918",2015,55633443
"1902","NORTHERN AMERICA","918",2019,58647822
"1903","Bermuda","60",1990,15683
"1904","Bermuda","60",1995,16676
"1905","Bermuda","60",2000,17668
"1906","Bermuda","60",2005,18276
"1907","Bermuda","60",2010,18884
"1908","Bermuda","60",2015,19126
"1909","Bermuda","60",2019,19336
"1910","Canada","124",1990,4333318
"1911","Canada","124",1995,4864778
"1912","Canada","124",2000,5511914
"1913","Canada","124",2005,6078985
"1914","Canada","124",2010,6761226
"1915","Canada","124",2015,7428657
"1916","Canada","124",2019,7960657
"1917","Greenland","304",1990,9282
"1918","Greenland","304",1995,7121
"1919","Greenland","304",2000,6601
"1920","Greenland","304",2005,6556
"1921","Greenland","304",2010,6091
"1922","Greenland","304",2015,5797
"1923","Greenland","304",2019,5690
"1924","Saint Pierre and Miquelon","666",1990,1099
"1925","Saint Pierre and Miquelon","666",1995,1320
"1926","Saint Pierre and Miquelon","666",2000,1458
"1927","Saint Pierre and Miquelon","666",2005,1147
"1928","Saint Pierre and Miquelon","666",2010,1017
"1929","Saint Pierre and Miquelon","666",2015,986
"1930","Saint Pierre and Miquelon","666",2019,990
"1931","United States of America","840",1990,23251026
"1932","United States of America","840",1995,28451053
"1933","United States of America","840",2000,34814053
"1934","United States of America","840",2005,39258293
"1935","United States of America","840",2010,44183643
"1936","United States of America","840",2015,48178877
"1937","United States of America","840",2019,50661149
